{"train score":{"knn":0.9207587253,"logisticregression":0.9118057663,"svc":0.9265553869,"decisiontreeclassifier":1.0},"test score":{"knn":0.8960912843,"logisticregression":0.9112648701,"svc":0.9082301529,"decisiontreeclassifier":0.8848021364},"average fit time":{"knn":7.2580015659,"logisticregression":3.1135802269,"svc":44.5309288502,"decisiontreeclassifier":3.1676065922}}