{"train score":{"1e-05":0.9016691958,"0.000809400122":0.9070106222,"0.00227584593":0.9076783005,"0.0655128557":0.9105007587,"0.517947468":0.9115022762,"3.16227766":0.9113808801},"test score":{"1e-05":0.9036173829,"0.000809400122":0.9056809905,"0.00227584593":0.9078659869,"0.0655128557":0.9089584851,"0.517947468":0.9101723719,"3.16227766":0.910536538},"fit time":{"1e-05":0.0348374844,"0.000809400122":0.1703357697,"0.00227584593":17.3746922016,"0.0655128557":45.185031414,"0.517947468":120.5401294231,"3.16227766":128.8893685341}}